{
    "mean": [
        26.632875, 0.537875, 2.47475, 0.59, 1.19275, 0.700625, 0.497, 0.9115,
        1.391625, 7.510375, 6.48725, 0.294125, 0.19775, 0.241875, 199.466875,
        27.446362500000003, 1.115125, 89.491625, 0.851875, 1.514875, 159.531875,
        0.100375, 94.9492, 274.522375, 139.692025, 89.69415
    ],
    "std": [
        5.172315171601108, 0.5418168365554913, 1.7193348823018744,
        0.4918333050943175, 0.74889748130168, 0.7813447442550566,
        0.6695080283312517, 0.9444139717306177, 0.6672742010410714,
        4.641270554425264, 2.2903793217500024, 0.4556484218945568,
        0.39830257029047655, 0.4282189677898446, 57.64342679555384,
        7.204965771507437, 0.8305848748773362, 17.385041842324537,
        0.3552238510784432, 1.1184939581307536, 35.033298217329964,
        0.30049935004089445, 2.8858498505639543, 128.99808331661123,
        23.11071935053894, 17.2076431645214
    ]
}
