{
    "mean": [
        26.632875, 7.510375, 6.48725, 199.466875, 27.446362500000003, 89.491625,
        159.531875, 94.9492, 274.522375, 139.692025, 89.69415, 0.492875, 0.0225,
        0.168, 0.1685, 0.159125, 0.163875, 0.167375, 0.59, 0.402, 0.395375,
        0.299875, 0.200375, 0.29875, 0.099125, 0.10025, 0.405625, 0.401375,
        0.495125, 0.294125, 0.19775, 0.241875, 0.296875, 0.409125, 0.851875,
        0.2455, 0.253875, 0.253875, 0.100375
    ],
    "std": [
        5.172315171601108, 4.641270554425264, 2.2903793217500024,
        57.64342679555384, 7.204965771507437, 17.385041842324537,
        35.033298217329964, 2.8858498505639543, 128.99808331661123,
        23.11071935053894, 17.2076431645214, 0.4999492317975896,
        0.14830289949963893, 0.3738662862575335, 0.3743096979774903,
        0.36579261115418943, 0.37016210553620965, 0.373310339228637,
        0.4918333050943175, 0.49030194778320024, 0.48893108857486245,
        0.4582029947250454, 0.40028097553468617, 0.4577099927901946,
        0.29882977491374585, 0.3003330443024876, 0.4910125857602837,
        0.4901766103916015, 0.49997623381016826, 0.4556484218945568,
        0.39830257029047655, 0.4282189677898446, 0.4568809849129202,
        0.49167238520685697, 0.3552238510784432, 0.430383259432799,
        0.43522693434000614, 0.4352269343400061, 0.30049935004089445
    ]
}
